511NY,511 New York,Traffic & transit updates for all of New York State provided by New York State 511. Visit the website for more feeds.,1285,206,23528
CVSHealthJobs,CVS Health Jobs,We're #hiring! Explore a variety of open positions that offer a challenging & rewarding #career. Follow us to uncover #job opportunities at @CVSHealth.,628,3,10265
WDCareers,Winn-Dixie Careers,Join our WINN-ing team and help make the lives of our customers and fellow associates FUN! Winn-Dixie is one of the nation's largest food retailers.,527,252,9844
SONICjobs,SONIC Jobs,Check out our open positions to learn how you can WORK YOUR SPIRIT at #SONIC!,268,39,7178
WorkWithSHC,SHC Careers,"Work for the Best! Whether you want to work across town or across the country, we have thousands of great health care jobs available at top facilities.",926,1,7012
CompassJobBoard,CompassUSAJobBoard,Welcome to Compass Group USA's job board. To learn about our people and careers go to @CGCareersUSA,881,124,6947
FavoriteJobs,Favorite Jobs,We're your Advocate. We're your Family. Follow us for #healthcare & #nursing #jobs at @FavoriteStaff,191,99,6771
VSIcareers,Vitamin Shoppe Jobs,"At #VitaminShoppe we are lovers of fitness, health, vitamins, helping you on your wellness journey and motivating others. Apply to our #jobs below.",601,96,6680
SpeedwayJobs,Speedway Jobs,Rethink Speedway. It's more than a convenience store... It's your career opportunity!,217,27,5441
VirtualJukebox,Virtual Jukebox,Live stream of music playing at @VirtualJukebox locations. We make background music more engaging.,1496,,5144
Sunrise_Careers,Sunrise Careers,"We are always seeking exceptional people with a passion for working with seniors, and dedicated to caring for others.",380,9,5120
Kindred_Jobs,Kindred Jobs,"Kindred Healthcare, named a Fortune Magazine Most Admired Company, is the largest provider of post-acute care services in the United States.",824,,4955
AccountableHS,AHCStaff,Accountable #Healthcare Staffing is a top rated national staffing corporation. We provide #PerDiem #Locums #PRMContract #travelnursing & #travelhealthcare,776,167,4710
FTGiGSJobs,fulltimeGiGS Jobs,All #jobs all the time! Apply today!  Follow our official account @fulltimeGiGS for #jobsearch tips and career advice.,259,127,4598
MercyJobs,Mercy Jobs,"When you join Mercy, you are part of a community that is embracing a new way to care for people while building your skills and growing in your career.",351,4,4511
dine_here,DineHere.us,The simple dining guide,4387,876,4419
tmj_ca_hrta,TMJ-CA HRTA Jobs,Follow this account for geo-targeted Hospitality/Restaurant/Tourism job tweets in California Non-Metro. Need help? Tweet us at @CareerArc!,451,297,4411
JobsatVA,Jobs at VA,This is our #jobs feed. Follow @VACareers to connect.,662,1,4372
NevadaCountyWX,Nevada City Weather,Nevada County Weather. Home of the only 24/7 Live weather station with twitter updates. Plan your day. Follow my weather discussion: http://t.co/mdsOJfCe3d,204,59,4335
HMSHostCareers,HMSHost Jobs,HMSHost is part of the world�s largest provider of food & beverage services for travelers. Explore our various hourly and management positions in US & Canada!,283,222,4034
workatavalonbay,AvalonBay Jobs,The foundation of our success is our team of talented associates. Continued learning & new career challenges is a major focus. Join us in building a future!,256,32,3696
TotalTrafficDFW,Total Traffic DFW,Total Traffic Network for Dallas/Fort Worth-Call us to report traffic delays: 214-866-8888,6551,153,3657
JoinBAYADA,Join BAYADA,"BAYADA employs more than 18,000 nurses, home health aides, therapists, medical social workers, managers, and other health care professionals across the country.",312,29,3642
dressbarnjobs,Jobs at Dressbarn,"When you work at dressbarn, EVERY DAY is an opportunity to Inspire Women to Look and Feel Beautiful. Learn more @ http://t.co/5ffoj1IC4b",257,15,3420
tmj_tx_retail,TMJ-TX Retail Jobs,Follow this account for geo-targeted Retail job tweets in Texas Non-Metro. Need help? Tweet us at @CareerArc!,543,308,3362
Diabetes_Newzz,James Wolter,"Hi, James here, I focus on providing a comprehensive, supportive and independent experience for my twitter visitors around Diabetes and help for Diabetes.",706,1818,3360
tmj_ca_retail,TMJ-CA Retail Jobs,Follow this account for geo-targeted Retail job tweets in California Non-Metro. Need help? Tweet us at @CareerArc!,563,316,3312
DestinationJobs,Destination Jobs,The Destination Hotels collection includes award-winning hotels & resorts in premier vacation destinations around the U.S. Check here for open jobs. #hiring,304,2,3266
ebbtidebot,Ebb Tide Bot,Ebb Tide app for #iOS and #AppleWatch,72,1,3189
tmj_in_retail,TMJ-IN Retail Jobs,Follow this account for geo-targeted Retail job tweets in Indiana Non-Metro. Need help? Tweet us at @CareerArc!,451,300,3116
SutterJobs,Sutter Health Jobs,Looking for a job in #healthcare? Join our team! Follow tweets for the latest job openings across Sutter Health. Get Sutter Health news at @SutterHealth.,362,22,3004
tmj_lax_legal,TMJ-LAX Legal Jobs,"Follow this account for geo-targeted Legal/Paralegal job tweets in Los Angeles, CA. Need help? Tweet us at @CareerArc!",578,293,2999
tmj_lax_hrta,TMJ-LAX HRTA Jobs,"Follow this account for geo-targeted Hospitality/Restaurant/Tourism job tweets in Los Angeles, CA. Need help? Tweet us at @CareerArc!",483,295,2994
tmj_lax_health,LA Healthcare Jobs,"Follow this account for geo-targeted Healthcare job tweets in Los Angeles, CA. Need help? Tweet us at @CareerArc!",903,307,2993
LanguageRecruit,LanguageLine Jobs,Follow us here for LanguageLine Solutions career opportunities. LanguageLine Solutions is the global leader in telephone interpreting and language solutions.,274,54,2977
DGCareers,DollarGeneralCareers,"Let�s Grow Together!At 12,000 stores and counting, we're growing fast and so can you! Joining Dollar General is just the beginning of your best career yet.",1085,725,2955
TravelNurseWork,TravelNursesPHP,Premier Healthcare Professionals is an industry leader in domestic & international healthcare staffing. We have a client base of thousands of hospitals.,4614,4825,2929
CintasCareers,Cintas Careers,"Looking for a career, and not just another job? Consider Cintas, where the spirit is the difference. Follow us for our latest career opportunities.",306,2,2805
regionsjobs,Regions Bank,"At Regions, we believe associates deserve more than just a job. We believe in offering performance-driven individuals a place where they can build a career",874,44,2724
tmj_hou_health,TMJ- HOU Health Jobs,"Follow this account for geo-targeted Healthcare job tweets in Houston, TX from TweetMyJobs. Need help? Tweet us at @TweetMyJobs!",579,311,2679
tmj_pa_health,TMJ-PA Health Jobs,Follow this account for geo-targeted Healthcare job tweets in Pennsylvania Non-Metro. Need help? Tweet us at @CareerArc!,543,305,2606
TycoCareers,Tyco Careers,The world�s largest pure-play fire and security company is looking for talented people.  Join the winning team!,1072,138,2558
IASISCareers,IASIS Careers,"When you join IASIS, you become part of a team that is committed to caring. Our goal is to approach every situation and every patient with a caring heart.",76,213,2540
NoodlesCareers,Noodles Careers,"We're looking for people who have a passion for restaurants and a mind for business. If you're looking for a career with us, you�re in the right place!",439,456,2518
tmj_CA_NURSING,TMJ-CA-US Nursing,Follow this account for geo-targeted Healthcare-Nursing job tweets in California Non-Metro. Need help? Tweet us at @CareerArc!,526,308,2511
moutoncovewx,Mouton Cove Weather,"Live 10-minute weather data from a personal weather station in Mouton Cove, Abbeville, LA.",222,18,2476
tmj_ga_retail,TMJ-GA Retail Jobs,Follow this account for geo-targeted Retail job tweets in Georgia Non-Metro. Need help? Tweet us at @CareerArc!,475,307,2461
PracticeWithUs,HCA,Beginning 11/12/14 all Physician Career related content posts can be found at @PWU_News.  Our Job openings will remain on this site.  Thank you!,929,208,2429
tmj_hou_nursing,TMJ-HOU Nursing Jobs,"Follow this account for geo-targeted Healthcare-Nursing job tweets in Houston, TX. Need help? Tweet us at @CareerArc!",477,310,2384
attCAREERS,attCAREERS,We add new jobs here all the time as they are posted.  But be sure to follow our main careers account to learn more about working @ AT&T. http://t.co/1l3JYAjMbj,605,11,2381
